name,rent_median_start,rent_median_end,rent_cumulative_pct,rent_annualized_growth_rate,units_pct_increase,units_increase,vacancies_pct_increase,pop_start,pop_end,pop_growth_pct
Seattle,1100,1932,75.63636363636364,0.05794098869369391,NA,NA,NA,NA,NA,NA
Portland,942,1654,75.58386411889597,0.0579093614938746,NA,NA,NA,NA,NA,NA
Nashville,834,1434,71.94244604316546,0.05569462424842486,NA,NA,NA,NA,NA,NA
Dallas,904,1509,66.92477876106196,0.05257264949170781,NA,NA,NA,NA,NA,NA
Charlotte,827,1377,66.50544135429261,0.052307929747931414,NA,NA,NA,NA,NA,NA
Orlando,1019,1659,62.80667320902846,0.049946620960572785,NA,NA,NA,NA,NA,NA
Boston,1198,1940,61.93656093489148,0.049384128016100703,NA,NA,NA,NA,NA,NA
Tampa,943,1497,58.74867444326617,0.04729977627753024,NA,NA,NA,NA,NA,NA
Los Angeles,1263,1987,57.32383214568488,0.046355958264082675,NA,NA,NA,NA,NA,NA
Minneapolis,898,1396,55.456570155902,0.04510736472409449,NA,NA,NA,NA,NA,NA
Riverside,1133,1756,54.98676081200353,0.04479108975026547,NA,NA,NA,NA,NA,NA
San Antonio,841,1299,54.4589774078478,0.044434755940741866,NA,NA,NA,NA,NA,NA
Columbus,805,1208,50.062111801242224,0.04142285727394057,NA,NA,NA,NA,NA,NA
Kansas City,827,1201,45.223700120918984,0.038015287737064085,NA,NA,NA,NA,NA,NA
Pittsburgh,705,1011,43.40425531914893,0.03670741271544409,NA,NA,NA,NA,NA,NA
Philadelphia,991,1413,42.5832492431887,0.03611235096571175,NA,NA,NA,NA,NA,NA
Cincinnati,738,1047,41.86991869918699,0.035592823039080734,NA,NA,NA,NA,NA,NA
Baltimore,1121,1562,39.33987511150758,0.03373100334050405,NA,NA,NA,NA,NA,NA
Detroit,834,1162,39.328537170263786,0.033722591670446,NA,NA,NA,NA,NA,NA
Washington,1439,1975,37.24808895066018,0.032168570310866285,NA,NA,NA,NA,NA,NA
St. Louis,794,1073,35.13853904282116,0.03057101089361236,NA,NA,NA,NA,NA,NA
